{
  "$schema": "https://schema.management.azure.com/schemas/2018-05-01/subscriptionDeploymentTemplate.json#",
  "contentVersion": "1.0.0.0",
  "parameters": {
    "resourceGroupName": {
      "type": "string",
      "defaultValue": "TP1",
      "metadata": {
        "_parameterType": "resourceGroup",
        "description": "Nom du groupe de ressources de la ressource. Il est recommandé de placer les ressources sous le même groupe de ressources pour un meilleur suivi."
      }
    },
    "resourceGroupLocation": {
      "type": "string",
      "defaultValue": "eastus",
      "metadata": {
        "_parameterType": "location",
        "description": "Emplacement du groupe de ressources. Les groupes de ressources peuvent avoir un emplacement différent de celui des ressources."
      }
    },
    "resourceLocation": {
      "type": "string",
      "defaultValue": "[parameters('resourceGroupLocation')]",
      "metadata": {
        "_parameterType": "location",
        "description": "Emplacement de la ressource. Par défaut, utilisez l'emplacement du groupe de ressources, sauf s'il ne prend pas en charge le fournisseur de ressources."
      }
    }
  },
  "resources": [
    {
      "type": "Microsoft.Resources/resourceGroups",
      "name": "[parameters('resourceGroupName')]",
      "location": "[parameters('resourceGroupLocation')]",
      "apiVersion": "2019-10-01"
    },
    {
      "type": "Microsoft.Resources/deployments",
      "name": "[concat(parameters('resourceGroupName'), 'Deployment', uniqueString(concat('CarteDeCreditAPIInstance', subscription().subscriptionId)))]",
      "resourceGroup": "[parameters('resourceGroupName')]",
      "apiVersion": "2019-10-01",
      "dependsOn": [
        "[parameters('resourceGroupName')]"
      ],
      "properties": {
        "mode": "Incremental",
        "template": {
          "$schema": "https://schema.management.azure.com/schemas/2019-04-01/deploymentTemplate.json#",
          "contentVersion": "1.0.0.0",
          "resources": [
            {
              "name": "CarteDeCreditAPIInstance",
              "type": "Microsoft.ApiManagement/service",
              "location": "[parameters('resourceLocation')]",
              "properties": {
                "publisherEmail": "2398754@cegeplimoilou.ca",
                "publisherName": "Antoine Gagnon3",
                "notificationSenderEmail": "apimgmt-noreply@mail.windowsazure.com",
                "hostnameConfigurations": [
                  {
                    "type": "Proxy",
                    "hostName": "cartedecreditapiinstance.azure-api.net",
                    "encodedCertificate": null,
                    "keyVaultId": null,
                    "certificatePassword": null,
                    "negotiateClientCertificate": false,
                    "certificate": null,
                    "defaultSslBinding": true
                  }
                ],
                "publicIPAddresses": null,
                "privateIPAddresses": null,
                "additionalLocations": null,
                "virtualNetworkConfiguration": null,
                "customProperties": {
                  "Microsoft.WindowsAzure.ApiManagement.Gateway.Security.Protocols.Tls10": "False",
                  "Microsoft.WindowsAzure.ApiManagement.Gateway.Security.Protocols.Tls11": "False",
                  "Microsoft.WindowsAzure.ApiManagement.Gateway.Security.Backend.Protocols.Tls10": "False",
                  "Microsoft.WindowsAzure.ApiManagement.Gateway.Security.Backend.Protocols.Tls11": "False",
                  "Microsoft.WindowsAzure.ApiManagement.Gateway.Security.Backend.Protocols.Ssl30": "False",
                  "Microsoft.WindowsAzure.ApiManagement.Gateway.Protocols.Server.Http2": "False"
                },
                "virtualNetworkType": "None",
                "certificates": null,
                "disableGateway": false,
                "apiVersionConstraint": {
                  "minApiVersion": null
                }
              },
              "sku": {
                "name": "Consumption",
                "capacity": 0
              },
              "apiVersion": "2019-12-01"
            },
            {
              "type": "Microsoft.ApiManagement/service/apis",
              "name": "CarteDeCreditAPIInstance/CarteDeCreditAPIInstance",
              "properties": {
                "displayName": "CarteDeCreditAPIInstance",
                "apiRevision": "1",
                "description": null,
                "subscriptionRequired": true,
                "serviceUrl": null,
                "path": "",
                "protocols": [
                  "https"
                ],
                "authenticationSettings": {
                  "oAuth2": null,
                  "openid": null
                },
                "subscriptionKeyParameterNames": {
                  "header": "Ocp-Apim-Subscription-Key",
                  "query": "subscription-key"
                },
                "isCurrent": true
              },
              "apiVersion": "2019-12-01",
              "dependsOn": [
                "CarteDeCreditAPIInstance"
              ]
            }
          ]
        }
      }
    }
  ],
  "metadata": {
    "_dependencyType": "apis.azure"
  }
}